{"cameraMode":{"drawMode":0,"name":"Shaded","section":"Shading Mode"},"sceneLighting":true,"audioPlay":false,"sceneViewState":{"showFog":true,"showMaterialUpdate":false,"showSkybox":true,"showFlares":true,"showImageEffects":true,"showParticleSystems":true},"in2DMode":false,"pivot":{"x":8.445693969726563,"y":0.982487678527832,"z":-2.807588577270508},"rotation":{"x":0.01982990652322769,"y":0.9781862497329712,"z":-0.17427346110343934,"w":0.11130639165639878},"size":10.0,"orthographic":false}